"7259fbd5-03f6-4259-b7d1-afcbd4b1d63f",
"8fda50fa-d218-420a-9a04-3d7180f6c49c",
"249bdac6-384a-44ae-9fdb-cb66ae7a75c4",
"db9d85b9-12a8-40d8-b364-02657126e431",
"06eb2a2c-3bf4-4867-80e2-b85e6d612de0",
"98693b48-e1b7-40b6-a365-63703c58cc18",
"82b84bfc-fd28-4793-9188-48203584567a",
"bbac689e-595a-40d1-9f68-a2f0029e0a26",
"bdde69f1-f0c6-4551-9fbb-7f51209c84fb",
"4da7ca25-4407-44eb-8de9-00f73e9ac0d0",
"a9cd05b0-be86-4f05-9e29-4f1b84fa0b23",
"b03ccec6-e9b5-47cc-90d0-f01c017f6ad0",
"7df75aeb-280e-4c92-b039-29608172eed7",
"f72b15da-e86e-4bd7-a794-a719a5cc20d7",
"f1beadbc-6235-488a-89a6-bcb557f84177",
"d2b358d6-e717-47a6-a8e9-be17c06f978e",
"d6de323d-3a0a-4ffc-b91f-26ae0dc489a6",
"6eb11563-489f-403b-b8dc-8121939bfcbc",
"6a4db2ea-9777-4a0f-afec-de4ccaa6567f",
"f15d6c8f-f96f-41b8-9ded-6a0a38c272b0",
"42f3029f-c3b5-43f3-9538-fff8bf7320c7",
"f0ee64b4-3f91-47bd-906a-12aa6bec6403",
"74bbe76f-9a6a-42fa-b500-ea7c2fb8cfda",
"7621b6b2-1bfb-4bb5-8a89-8bd1318dd71a",
"71dc7a84-066f-4a12-b882-079d5dc70566",
"f02613ae-8f6a-490d-94b2-a1a87f19db4e",
"0346707a-62ec-4bf0-8b3c-c41c273c6985",
"ee563af1-3664-4fad-bef9-f1cf2dfec36b",
"9045303f-6e79-40aa-b510-6223da2f1b25",
"ce48496e-9522-44f2-a241-6b6d46b8c344",
"c1a395b4-0681-4067-bea9-99a6e3f6b76f",
"032de565-6804-4486-9d8d-c2c82f0211f4",
"14a7f4f3-7821-4d2c-9a8c-33ec6a3e558f",
"7320682b-fc99-43e9-9a8a-7af49812dbd6",
"a1c2f313-056c-4e13-9673-5a457c60f397",
"61971784-97b7-4bbf-8a23-30b624b46dd1",
"ca3dce83-834a-45e5-9090-8699b409ca2c",
"cf479e00-f0ba-404e-a5bd-a5b719c313e1",
"27139dda-9f02-49a5-b99f-c1c3a3311168",
"77fa69f7-9cef-4acc-89c5-390e6d470fd4",
"c1b2f676-003d-4728-95d7-f9debbd8591c",
"66b33636-3f9c-4fa6-87b9-79a38401d9c3",
"915e4177-d635-451e-8c12-d560f9f6aaa8",
"632ac82f-cd35-4dc2-ae97-008be34b0912",
"b5182ab4-dc69-4ba2-8121-59e3e956970b",
"a0b1984c-9a47-47a3-8601-8f80ff7b63b0",
"43391688-71ef-436c-902d-b583446bc17e",
"11c109b5-ff5e-4e25-87bb-cafead043761",
"cc10553c-130e-4303-b473-f6fc9f9f0386",
"e1ac65ae-ff86-4773-9eca-4199239e0243",
"d73e442f-e239-4e5b-b81a-8686b204d1a7",
"46037177-fa06-4e72-8426-395b245d6783",
"c0610a9f-facd-48d8-8423-89591545d449",
"2f702e79-b17d-4364-99c8-40e3590f598b",
"981f74a2-58af-463d-9020-95d89ee67a60",
"01c1f317-c67d-4242-8052-4619b824c6ba",
"2dd10e54-55b5-4b92-a0ff-7f31a1ff2bd9",
"7565eab5-389e-4fcc-b39b-47bbd4648b48",
"74957f3b-6d22-4849-bc54-66321c2b6151",
"9daf1ca5-d687-4dce-914f-fcce1a0239db",
"f9413611-fd31-469d-960a-11fded997018",
"62133fd5-8a4a-4e39-bc29-36a7097816d6",
"c8a6ae0d-fd12-474d-a325-81c0e446fb0a",
"f6b0f784-eee4-4c73-ae97-6aa952e0808c",
"10296bbf-37e8-4384-9c5f-7d53a7ca6d8c",
"3437970e-65f4-401c-8ba8-942981897105",
"43724470-c49b-480e-9834-527763e5b208",
"dc50a719-594c-4ae6-9bfc-32b9074f64e7",
"e7e80ac7-0894-4dc9-a707-32447f80ab03",
"4a185daf-8bb9-4808-9a0e-94e40d44fd19",
"b9820c28-573d-43c3-b21a-3ecaf73c3344",
"365bdc18-9e28-4b31-969c-99efa79f51fd",
"32c0320e-597b-4930-8788-4d848a3f7c87",
"7f150ec9-e753-46ed-911c-0b63d78a6e3e",
"22674d99-5bb7-4317-86ac-eeb8b679418a",
"31d146aa-df29-4b7b-a567-c5310f12c14a",
"7cb6bac1-569e-47e6-937e-2e6c88458e9b",
"b2d081ac-da33-41f3-8bd7-f6712fe6598a",
"bf255ef8-9777-4f38-a6e1-b6a65079a2a1",
"6df74cbf-01ad-40f0-8267-7d0bd1ccd5f1",
"67bd9db8-0d0b-46a7-833f-61a0cdcf3aa9",
"79b7ab24-7817-4ac9-8220-177638b4c783",
"cf7606d3-93d3-4b9b-bbad-1c5d43b9099a",
"0874fb0c-0bfe-4c7a-a6ba-dc8018dc5c6e",
"d59d8507-0216-4d42-a8b6-dae47fe799bd",
"ec1b9bb4-9e16-4cf5-afd7-d7f6d41c81a9",
"bae360d8-4b3f-42cf-b9d3-f36bc82de3f2",
"d0b903fe-8f46-4faf-b523-1a64d491f617",
"52273417-c4f1-404f-8d18-61bbf131f151",
"866ebf95-4081-4e75-a256-142d9b0e18e5",
"790a3af7-7831-45b6-bf83-0503a08f68cb",
"5a0efdb0-cb1d-4640-97d2-9a760959b952",
"b4d10423-c2dc-4393-b30f-08488ee2b8b3",
"88256b33-770f-4628-96d9-09d425ec9a3d",
"f5f93226-b4e3-4ad4-9df5-a8945e1436e1",
"c22fba64-4fd0-4c22-a530-7572957c868d",
"1986e24e-83c7-488c-8076-04ff1cbeb34e",
"e5449b45-5e98-4983-b113-e067e7558245",
"35b95496-4a1c-49da-b024-4547257df911",
"534382a4-f333-4a36-a431-e6c245f99751",
"8678043f-b74f-42bf-8595-deba47b3d5be",
"89821560-fb05-4ab1-9cea-79e131f6c1e6",
"b35ec92e-2b91-49c8-ba1d-6ebf83f436da",
"7720e02d-de93-49c2-8930-e7773b9cc949",
"f782be83-abe2-46a7-9220-a104e6e3ef5d",
"d6a879ee-aaa1-413e-95be-3d915c546c4a",
"0ce8f15c-ef1a-4d7e-a096-342a452491e2",
"f74393c3-9eab-4327-aa91-43586dae86c9",
"a93149c9-25f4-4c3b-b421-d106b4db4f9b",
"42260c7e-d80a-4864-877a-d0965423ac33",
"de61e49a-1fd9-44e1-a4a9-2a4c5d7ff738",
"1e7ff6f9-c433-44e7-8fe2-55ad319d5ad3",
"f27fb730-dd2f-4874-933e-bca1bea8f4b8",
"2159aaea-a67f-423a-8e0b-d5f776fee425",
"02f241c6-cf7f-4e87-9532-e5ab9d585c11",
"d9189f50-6c43-42e2-8b34-0de5db889fc7",
"96fa84ee-ecd8-433b-90d9-f8aaf3ce4373",
"0ed38b28-0c91-41d2-b427-7d7192312584",
"6a79d587-2858-4cf4-a2f2-d8bd0781ddf2",
"8e37fb03-155f-45aa-91e2-4a8f65a8e4b4",
"7f226222-d8cf-4a50-a8dc-77dd26f97970",
"06554d1a-587d-44d9-8830-d7928e889d5e",
"b6e41e54-ade8-4377-955c-2156560b3124",
"4d3bcde0-d4e6-4166-be64-e31b332b2778",
"cc6881d7-a3c5-4dc3-ad67-194cf2a9d9b9",
"4690a526-e151-4409-8aa2-6ee3d9003abb",
"6c259a66-3099-489e-adbc-4f4c19e4a20e",
"a13e72cf-f9a6-41bf-b355-540a0bba1b04",
"3ba9733c-5303-4427-8995-07d582f48468",
"cbd94e56-a15b-4b6e-be87-b738e49af51e",
"6f92d280-21fb-4571-8623-71e1e0f378ca",
"0b4e1b19-095c-409d-a9e8-d3d1feec1b83",
"288501af-86b3-473f-a753-eaa7ca07a196",
"c8162a8c-f800-41d9-afc5-a7fbc0505c24",
"526e4428-7272-43b3-9796-a65685d80d5a",
"e9ac1859-1b3b-4458-b26e-e989825c5d93",
"b6af551c-52b9-466f-9d67-e190b55127c4",
"97c1097c-191d-471b-94d9-b51175094ce1",
"252caff1-a8cb-4df4-8d05-c9976cd329e6",
"1dd626c6-c3ef-47f1-a97c-531860029254",
"2737630c-6366-4542-8e1c-e152a74954bd",
"365a3e77-3578-4f84-ba88-863fcf349c8b",
"12756095-998b-4835-ab3d-3c6b962eeafe",
"2f68b93b-9803-48f2-abdf-98c0625ec461",
"9fbfb82b-b5c3-434c-ad6d-07d61b88b84f",
"8b2a0f59-0347-4ee3-acd4-730db7486257",
"95afa0ce-535b-4bfd-8fb6-24f2d4d51689",
"74339034-b00f-467a-85e2-387ff788d1a6",
"c9eaee09-37ce-407c-a4fa-21986cdc7cbb",
"87dc0b68-dea3-479d-b4ed-b52f29872178",
"f19defdc-955d-4d1a-8f8b-49188891355d",
"d5a5dd71-7f6f-4f5a-b2ea-31d35fde1f6b",
"fee4365f-7d8e-4407-b1c5-c63c074365cf",
"c68edbe1-5c13-4cfb-b0fa-a1de638dd44d",
"34c53f56-5011-48ef-bc82-e73bc42b1d59",
"16217e4f-01e9-499a-aed1-11818ba753dd",
"3d6bf67f-3014-4d2a-9916-b78998511b15",
"7d36e8d8-3841-4e61-9a81-2abf28ccc73b",
"75611e54-a157-45bd-921e-e9f1f75e4b2e",
"6a66652f-aab6-4ba7-ad56-7916a8982074",
"ab7c4364-89d5-453c-a265-490793b8464e",
"14f75016-1f1c-47b4-8ffb-92fe9e1241a2",
"99432b8d-6ef3-498f-a5b4-65238034eca6",
"60adb61f-2d26-4869-a5e9-701032ce82ea",
"6bf7ac1d-d07e-4a43-aba7-1c7723063991",
"6cc08c94-88b4-4ac8-bb98-bd8a501d8842",
"d2be7660-4da2-4daf-bcd2-035fdf3eb8fd",
"999f77fd-f082-4e66-b3d0-61266495fe4d",
"55624aa5-6370-4c3e-b92f-d73d621e80d6",
"68dac5e9-163c-4577-84b0-d7a28268fd28",
"28179a52-3997-4a67-8612-c54c9fb773f5",
"753bdecf-b1cd-4259-a2b0-cfdae20343a9",
"57aff206-fe21-4023-97fd-ef40484b4793",
"bd4d7194-5967-44d6-b7fe-40a42eb0cea2",
"74ab3876-115d-4989-b2d0-6e3f9481cb66",
"f4f8794b-0171-4f6d-a7e7-87858e955c37",
"89538387-f5f9-45d2-861c-a87f593625b9",
"606e8df0-217e-446e-9817-2b29439f3935",
"62b21846-e918-4552-9da4-cbc0cc9d65d1",
"f29a4954-3d3b-479f-bebd-ea11a5260553",
"240294fc-9d83-494b-868d-9d2f877c9e22",
"01a437b4-a04b-4d89-a7e1-ece06ec3fd54",
"5b24f6ba-ca4b-4d1b-ac4b-a9dbc8734303",
"cbfcd76d-238e-4be1-80e7-bb5fef68fd7a",
"d966b4f6-53cb-404d-bc75-7dc1106337d8",
"fda5d331-3849-46c2-9739-f0d3e68b0e69",
"6250d7bf-6bcd-4397-948e-eb74c2c5289e",
"237591a1-d1c3-4390-9949-f0cecfc4667d",
"25d8dc8c-cc47-4a3b-b800-12e4855d225f",
"1b52fb1f-8445-469c-83e5-711cd416d3eb",
"36674fdd-3d85-4298-825d-f5a17cb93c74",
"fd33bc8f-e55b-4c5a-80ab-a945adf6c5c4",
"b259b8ba-196a-410f-b61a-0683860fba72",
"f68c24cf-ee31-4d23-95b1-bb1802bbcefd",
"23d22e49-9b0b-4352-983c-d637550844a4",
"9c4d765c-56f8-48b2-9832-f7f8c0fbad3a",
"8715563b-0f31-4f50-8fbd-f9e0e93c8f59",
"058c48c7-46b3-41da-94c2-642cfa6e14e1",
"4f14f5ed-73fe-46be-89a5-119dc401da1a",
"4896528b-9132-4b70-918e-f29023b5bf86",
"2ce77c4f-908c-41b1-92cb-1b95c4ebbfdc",
"67ff8bf7-3d4a-470a-ad82-e340cbc80803",
"7fd9fc17-97a7-4e2e-88e6-a435a5b2ac63",
"459981af-8373-426c-8d6c-2759c9d7453b",
"aa4589e6-7940-40aa-9e7a-2fc715c5c3ba",
"363052da-6688-407b-b34f-2923ffe39cb1",
"a5bbb8e3-1368-4ef8-a184-12c923774799",
"5f6cc8e2-274a-493c-b9f7-0a5e916055aa",
"86e17bc5-50e3-4ed7-b1c1-f49adb124e22",
"a467c9cf-76fb-4b6d-910b-6f5c65fb7db3",
"ca7a0b51-c227-462f-b2f4-5c2f77ec148f",
"d3871b47-b429-47ca-9bc1-3f878e78c326",
"3aa6e199-dea2-498a-829d-493cd1bcb22c",
"0b365f96-3c22-4a85-a09c-505e317c30af",
"52ca3d70-f557-437d-abab-022f4b5f7c55",
"85a9a613-20e3-4b44-91f9-932115afb120",
"14eeb27d-4190-46d6-9049-d2bd2552cfee",
"8a1b40dd-323c-4d26-b9bd-7c7560cc3a09",
"1678ad18-8bf6-4ba9-a761-5817cb727398",
"213d0b96-6848-4abe-a6dd-afe508ebe7ee",
"98315768-67dc-483f-a882-16041cb0d8c1",
"ccf90313-6b01-404e-b56f-ede60ad86374",
"8ef5f047-df14-41d0-b4bc-45ace4db7638",
"288b5fe9-70f4-4195-84d3-39c5e41fc7c4",
"7ab0a274-14a8-443d-b5fe-1a16797eac4a",
"6ee1add5-457a-41a5-b7ef-3cd878e98cbd",
"236ebc8c-2ef7-4434-ac6f-00de12e2d988",
"57bf757a-a852-4bad-8768-194fb05eff2c",
"2d8c183e-0a3d-42ff-871d-c8c123ccf569",
"865c9023-ef31-448e-b4af-b9802b75e5c5",
"fc5554f0-56aa-41ba-8dad-49ac2e86dab5",
"f37c34fe-cf43-472b-96b0-9a545f117814",
"c3cfc01e-9c06-4b20-b392-fdaa58e16b7d",
"4a1ec91f-6b60-4298-bc07-bbcd3d529eea",
"11ff0531-52b6-417e-9b2d-982c5e55d891",
"1b9d09ee-cb05-40b1-ab38-688a09f2b18f",
"17e14ad9-7f7e-417b-a054-e6e2a038af4d",
"86cb4f8c-3ad0-40e6-899e-6b41089ebf01",
"52027ede-6893-43c5-8df7-4876cbb121cb",
"446bee37-aa4b-4af3-8576-b04d583d414d",
"5e3bafc6-b70f-4e87-846b-96445eb5ddea",
"147c0946-2fff-4227-961d-c6bedfd86ede",
"90f8982b-775f-4359-8888-b62bd9315ae8",
"8e68058a-75a4-4237-a0a2-c6305ae9af0b",
"099bc92d-0d99-4201-a7d4-b4435ea7f541",
"3db7846b-c28f-4a86-ba8c-9b6d1dda797d",
"c080c486-cd97-42d7-942d-8eb53652415f",
"95dba1ad-5f01-456a-8882-6f95dfe26292",
"6c240afd-eebf-405a-a7ed-4d711d29f775",
"48d9e501-e519-4b24-b0cd-3a57fdfd0567",
"c6e034d8-9dae-4a73-b8e9-67c2cc6aa2e7",
"50d47542-9181-4bde-bee8-1a165a2f0e62",
"6759b652-afdb-429a-b7e6-90bac1a29e59",
"d48c01d6-c424-4bf0-af69-12f5b99b3e76",
"3abf703a-199c-4c10-aecc-2bb56f87a8b6",
"79f722f1-9816-42fe-9d9e-3f95c241c486",
"e43927a5-118d-4db3-ae3d-03cb4c241ed6",
"bae8760b-f7cb-4c8e-9f5e-03a5e26e903d",
"803f45a0-9b69-4e0b-9f35-c6ff359d0c3d",
"2a0b0e0c-03ec-49b6-9116-37dde7f15e6f",
"908bcab5-8452-4dbd-83c7-459a76aeda24",
"3e006de8-3545-4f00-acf2-9014c09723f5",
"0b864572-dc71-4357-9cf4-29224a7f92a3",
"2f6943c0-b096-4209-82e3-64f18cf278b7",
"899cca76-494b-4510-9588-00957d3f44a6",
"82e5cb79-2aad-4239-b7c9-6c646d50acf4",
"c8ae6530-f046-4255-a27f-c68e6acbec69",
"135b2455-3d42-4cd6-a943-adfb3d0dc6bf",
"eba9a068-b23c-46c2-bdd7-38fb32c96048",
"30a3eb29-19a0-452a-85ab-15dee9231c75",
"f67afea5-9c8e-409b-82b1-001cfd8dce63",
"2bf76e0c-a031-4a60-84b9-bca20d39a0b4",
"254fb7f0-afa7-48dd-9c88-89811c041302",
"347f8297-09f1-4620-8edf-8a7161632af5",
"4cbdc9bd-e82d-4d91-8941-e4d9ffd6fc34",
"46ba3f8b-2516-4727-bc65-167d449ff670",
"ef3b185e-19e1-4e10-ab56-76dca8895494",
"318bfd13-8748-40ee-8f94-55a4777ec312",
"683c494b-a00c-44bb-8097-61836805415b",
"5a5de2da-c22b-4cbe-b906-155f55cd2c9e",
"4ee7bc98-4315-4875-a7c4-e0dbdea194c5",
"8d72a92e-133a-4a41-b47a-4488e701fb76",
"1989b4cf-424c-46cd-a7c1-f09a3c588e87",
"8d714bcd-8260-43ac-9267-9f151d6babdb",
"9beeb147-e304-47fa-b379-a6f0158497bd",
"f0f9e5d4-b842-4aed-b939-ba1dfc46c2e9",
"23014557-110c-49c1-8284-1e3ffd9a9ffa",
"f15e3103-7718-4250-baab-bfce2b965a53",
"3f815b06-26a4-4091-8a03-0f78740ee2c5",
"a19bed2c-e907-49d8-97ad-d3ef9c5f88e8",
"ab26a011-a153-4f98-b99e-5465fcc05d51",
"cd381fa1-5f16-4283-9b76-88dee51a45f0",
"2e1cfcf4-74d3-4ecb-a466-b5d068c8e630",
"baa58fd4-9b6e-4408-b018-47e9f70ca736",
"f12bb306-0903-4068-a6ea-a9b317277fe5",
"f60518ac-73b9-4633-a3f3-8a91cc65b764",
"3356d3d2-887a-48f3-a271-89c7a6a0d956",
"f0fac379-59cd-4be0-b4f4-4abc7fdd645a",
"cdeb10ea-bd2d-43ad-97ae-3cb166b21a96",
"7bd0f37a-4cea-4dbe-93d6-4242db2b079e",
"37f91f4c-f628-4fb5-9171-defd108de71a",
"054e59aa-9346-43d7-9f0e-71112bd5e664",
"07c47849-e1f6-4f07-99c4-1cda1cdf2c5f",
"dd9adcf8-1145-4e2f-b4a5-b87f241e6412",
"33fa98ff-3403-455a-a04a-61c2c2025bfe",
"ef3716e2-1185-4870-9b14-3f3b8351fea3",
"4a81592b-d934-41e1-a25c-57769b3941c4",
"e19f7ccf-3b1d-4606-90d3-84357e2638b9",
"8752429c-bdd5-40a3-aff3-9bc4c06db0ea",
"25ac9c57-937d-4677-b4fa-58d8d4f40152",
"8b7d68dc-37b4-4cf7-8c3d-c5e0117169dd",
"3079427f-f71a-477b-955d-6f2666c557fc",
"8377919f-931c-49d6-a0b6-c3255f1fef97",
"90eaa644-51f0-41b4-b969-997739db200d",
"fa4fe931-2433-4965-8c2e-0c01fdb2184c",
"7a0441e9-ad6a-47c5-92c4-f1a7541e9eb2",
"d3704d49-8a47-444a-a0ad-5f70d45aed50",
"7b761902-db66-4e18-bb91-df06855d7956",
"063ac3b3-0bb2-49c4-bacc-94a18ced4515",
"cd29d053-d17d-4e7c-8022-c3547d3107ce",
"4b47a160-cb2f-4586-96f2-99af04e0f038",
"8a67f40d-dc25-4782-8853-29b49f08cd69",
"14e725f8-5449-49f7-ae70-fe4121f9cca1",
"5631d6c0-c292-455c-8b95-d937772713bf",
"39682d84-f10f-4308-b270-bd1376fadd7c",
"9be68c20-dcb4-4e14-8fb0-1a615cc73d25",
"e97232e4-717f-4948-946c-4d0958a1e91d",
"3660e1c8-2636-4143-b7d7-83ed83ccad29",
"dcaf147c-2e0c-4961-b158-88376d99c219",
"8227e201-c60f-421f-8113-a38c5db0b66f",
"9e7b10e3-67fd-4b2c-b469-26795367a169",
"a9525f8a-ef5f-4aa2-9c5a-5ea25584d4bc",
"b46998ce-f93b-44a9-8741-959ef1ee1098",
"ef94fbf3-3574-48aa-83ab-ee7b99742303",
"a70b1664-48a2-4cdd-a16b-ecaf064ee408",
"5c775c9b-8d76-4b77-a81d-bfc8d6cabdc8",
"712dcb3e-7fa3-4f08-80c3-e5039566905f",
"1cc74095-c5f1-48e7-824c-13ef2ffad95d",
"0d0d387d-1ddb-4d3f-a1c9-470f9a0b002a",
"ce492db3-8f72-4d7a-b384-68b228885a4f",
"e32ac1f4-d5c8-436c-bdba-5b3bb7dd9f99",
"b9ef507f-1157-419e-a924-015b02030849",
"fd26bfef-4194-4a06-be4d-ba735a7c2ffa",
"ca87ed5b-f5b0-4ddb-a80d-11909d027086",
"e1a59d21-26c0-4f7d-8041-03e44f5b72a4",
"d3aef50d-db28-48d6-b98c-4685fe193150",
"f02369c2-c855-4a80-9e57-af6bf0d9b9d0",
"a645de51-78e6-4e72-a4e0-d0bdee265630",
"f2dac4e1-c8b7-49da-ba96-c1feb7c730fd",
"6f9e2f0d-aa82-4604-9640-1cf7dd334e6d",
"3a0199dc-22a2-4724-bf12-8dc395de9d16",
"af52f544-41a4-48d7-b60a-317fdc8f5dff",
"b4fdeb3e-78c2-4ffd-98f9-e6a3f01f160f",
"b21bb485-005c-472a-a0a6-8efdfa413dca",
"9f06d354-f194-43c3-b3be-8ed150f1207a",
"2c149292-94a3-4383-b8fc-d1fea3c2c45d",
"d023c259-5765-4b9e-8e0d-1982a2bf4e4a",
"6b4cdfe0-3a61-4951-a264-cd025d708ca3",
"eff0fb34-a530-4137-8323-a575d5ab566f",
"a51a1326-f4aa-45ba-b3df-f3a58c9a77c0",
"eac48c09-ef6a-4a03-a7e1-aeff911bbb96",
"3588ceb1-74ea-41fb-9053-083d34cb65c5",
"6ce27ec9-9e19-45bb-a3ab-6df717b205bb",
"c64208ee-ca82-481d-9cc5-6a0810087036",
"0bc00bd1-8543-4572-9ab0-b7ab2a3483b9",
"ce226c4a-8a4d-41fd-86f7-d9db1c38ce4f",
"57bab2b7-ed8f-4867-a5bb-a70d01038241",
"df087947-de40-4603-878d-461d03cc8633",
"d92e66a1-6ec7-4efb-9bf0-97110fef8c12",
"7270b36e-9a26-4d68-8c97-d216324125d3",
"7344f5a8-6a3e-46ff-ac5d-6b0ce6c2232d",
"dd018b89-6aed-40f8-9153-a65211a8cc83",
"c2f6f118-fce1-4857-a670-54940af2e9f3",
"75c5c525-673d-4a20-89e9-3137ce190a47",
"102924f2-30d2-4220-ba05-56f503059856",
"24a89c5d-aae4-456c-a90b-5526bf0348e4",
"04c956c4-3ff5-4080-b850-4b37d401785d",
"adf49cb7-45e6-45a8-b112-35dac09671a0",
"99e390d7-e3c6-4703-80ba-b1a121ae8d66",
"8f6539ff-a4f8-4b9c-aff9-b453ee98c1aa",
"1a8eb36c-d87d-476b-95a3-15c6c67dec50",
"06b40981-5e97-4356-8997-c1e0a5374ee9",
"e9950067-4bba-47a7-8ab0-a0f0f01e33cb",
"a5d1a7e7-88ee-4ae9-b621-2880a86d8db1",
"5018e876-44c8-4c20-99e2-be60a73be07e",
"6c668929-3478-40a1-90df-d6896a97ec8e",
"4ba2f147-b5fc-4b3a-92c3-026d953a29fd",
"7a0c8783-0f1c-4ef3-8b66-cd040e4511a7",
"a9b99fe1-278b-4379-98ec-9f59797e3ba5",
"1c65e73e-7fe2-47c5-a4ec-e4100241c403",
"221fc738-bff5-46aa-9ea2-b98b28a3248d",
"1f76ea9c-247e-46e6-b894-c53ec55b1029",
"b7aa072d-a081-469d-ad6c-2239a15bcfbf",
"c0510321-2f7b-4258-b9a0-2e7d61348f63",
"dad68ce5-e570-49c0-8361-18ec32e575b9",
"e164ca45-81be-4050-9c72-c4dab2bcfc66",
"7440c51b-9eed-4bf1-8e2b-6fceb3a3eb21",
"e4941047-1b4d-4b4a-9626-e657c517a68b",
"6711bf92-a5a9-4780-b628-bd3f9c93e7ae",
"f3030ee4-1030-4ab5-a2fc-65096189821a",
"e25c299d-780c-4fb5-8058-75efcdb57433",
"cf1225cb-9329-4aba-88e9-b01cd7637fd0",
"251cd68f-27da-450a-b655-4079087590a3",
"5bf445dc-56c6-49dc-9cc2-50a9cda4f316",
"7136e358-5261-477a-8e7d-c670c69346cc",
"cdb70649-d005-462b-8a6f-37544b32ac85",
"9e27ed91-432f-4909-a454-eed6b90facfb",
"5c0c1ab3-0b58-4353-950a-b991c111a58c",
"03fc243b-ed96-4028-85d3-4f39010524c0",
"98fe3afc-e782-4528-9db1-4007b8db6695",
"062131f0-4f72-4a97-b043-383a9ec158f4",
"6d899036-6c4a-4096-a3b6-99db4f95495b",
"c790c09d-a24b-4aae-ad78-f9a18c8c7706",
"7ab5628b-b82c-4ec4-8eab-42b5d4b8efc6",
"c8a24e59-fb9a-47ce-be3b-314c1c225b37",
"7310d4e4-40d5-4772-bef9-e3197df8fb6d",
"be660a4c-a15c-4361-ac51-2604a9d2fb01",
"eef22251-f3e0-4014-8037-ef34fc7ff9b8",
"e5781137-5c55-4e68-92ff-b10a5f541a6a",
"f0ab15f8-77e8-441d-9868-f8cc53d015a3",
"378bb367-b501-486c-9f15-91e818518848",
"fbdc92fa-bab9-484d-b78b-9adba7d16fe8",
"7a2c709a-7dc4-425b-a5e2-d88aa2ce24bd",
"e619d862-9040-4fb9-90f6-a58e9fe65acd",
"d030152a-0731-4b62-81cd-566a6d6cac1b",
"d38bc43f-1395-4fe7-9d29-f566458fe611",
"5bf47878-b5de-46dc-8284-f9bd84adf6ad",
"70af3666-2ddd-43f0-941a-5850e3f94f41",
"7ea25ae8-9880-4e35-b430-6a441ea13f02",
"dcd2990f-e1fb-48ad-a8b0-58fd59ad83c6",
"8314ee63-c2b2-4988-bf8f-f8e5f5bdd08d",
"c0483907-6de4-4f17-b3cd-0464155e22e8",
"9bb6113c-e70c-4224-9e25-339fe7929d5f",
"8f62c8fb-c447-403d-930e-827064eb45d3",
"76737da6-57c4-4f25-b938-1292ab53c15e",
"2615a927-94c0-47ad-af07-644e88d3c6b6",
"7d6db642-82ab-4b22-94f4-a8286e66fd2f",
"e5fce5c2-bbcd-4bab-873a-ee98a12d2dfd",
"6129fad8-4600-4e68-9c9c-e249444d8097",
"ad59bd95-0c11-4c0a-9569-f2619bfaa69a",
"72da95aa-4a32-46df-bb64-eb78e5c1d01b",
"17a0dabb-7727-4aea-b47a-92387be91f10",
"9734c383-f2d8-4481-968d-28d634779a87",
"5712ec8d-3169-4bd1-afc5-8f64e0758218",
"a154bdff-429a-45e3-ba1b-434f5119c33e",
"7b02e36c-8dec-472d-af26-64334babac29",
"203c1901-3c0c-453a-913a-77e12011907a",
"8ad57ae4-82b8-430b-ba40-1520066646c9",
"0de25f89-961e-4ad2-ac69-26bb93d8c90e",
"bbcdbe5a-45d4-44ec-b098-5f7b691a83c2",
"a43281a9-a5ee-4083-82d5-a1128e37e5ee",
"4d0543ff-ce65-4dc1-978d-fd7578465916",
"d728aa03-fe06-4355-9c73-59cb7aca6349",
"c9a99f14-d8c8-4163-b67e-de2175165d35",
"57b6c434-33db-4091-86bb-eeced70fc234",
"1bf98c6f-c462-454a-a6fc-37cb542de4cf",
"213e183a-d888-49e5-a368-5e8f7d246fe3",
"70b40ee5-5831-4fb7-b05f-51f83816c08e",
"07747961-51dc-484b-8791-bddfd7f1b2e7",
"0367030c-fa5d-4d66-8d05-7a20ea2daa64",
"e697a6b5-0108-469f-9b56-6e8bc140f4b6",
"a61667b9-7c55-4600-b568-e24e4cf979bf",
"5adad77e-e4c9-4540-9596-8e653d07565f",
"4551e079-efd2-4069-a14f-596fc1ce717b",
"357d54ef-98e5-4932-8904-bb5c674dfdef",
"20c4193b-3757-49e8-98ca-fbbc7c675814",
"c9c7a65e-a770-48a9-ae59-2bba88e51af1",
"28a26c42-2d27-462d-89a8-703c13f3360f",
"84f0ce34-00a3-40dd-bfd6-ef50873cbcc8",
"1953c05c-f4a5-4298-af82-f93dddb33a25",
"3c491204-e86b-43d6-9246-7d80ad97b8c3",
"34e8dc0c-91d8-43e6-a9c7-0df822b774dd",
"c450ec1f-e919-450b-9e80-a545a2b70800",
"fb2cbfa3-a045-4727-b287-5d4d9d55c437",
"d309e0bd-51cb-4165-a12c-1bcadbab0f3a",
"b606dcc4-c359-4685-9694-862e831e30af",
"282b9171-39e7-43ce-a0c9-d0e030303741",
"8e1e01e5-0954-4a85-87c1-8d16eabc3515",
"56e2d6bd-4220-4d95-8afe-1250c9bb43e1",
"8a48df05-d94b-48f6-80a1-c7466ca393e0",
"3f655ee5-eef8-409f-918a-5f02a1fb47b1",
"a513e810-150e-47b4-aa1c-8f3629b60fb0",
"812e7a5a-4493-44ce-a885-b20dfad6e17d",
"8e9da314-22e9-41f8-a987-72b473dca006",
"379e5c5e-ae2b-472b-9e2f-2e099a5d9cb5",
"0475db8c-6316-4b87-953d-8bd64ae47fc7",
"94e39655-fa68-4578-b0d6-ed66555d71c2",
"9416ee92-4547-47d1-b7fa-0392ac49b6e9",
"aa466046-e53b-4dcf-b834-f72d6d9ed536",
"dd581dd1-4616-4c5b-9ce2-b07a410a87aa",
"4d0a4c6c-c5f3-4e54-9078-0ead09710ef6",
"5ce67f41-cbfd-4dd7-931c-45aaf123c9f5",
"5fde90cf-89fa-472c-aecf-25a5b1b51971",
"d0b5954b-da92-43f8-af92-062c6afa613f",
"ef1371b7-da2d-4fa1-a73d-3717cac662b1",
"5e1e1a80-8310-45b5-b67f-d6662880f42c",
"7c33e334-5e30-467b-98f8-cef377668c52",
"1392385a-acae-47ea-a481-4ed1e2b96f81",
"459ad0de-1cf0-43e5-84fd-ef48041a4342",
"26043605-c554-4c4e-b379-5550fa7dce9e",
"937dd4dc-c300-4d08-a974-abd9ec7eed13",
"452f56dd-74a7-44ce-9e49-4a154e3d3feb",
"706d053a-2761-4c5b-926c-92b826fb5294",
"cabf7e4f-bcf4-4a6e-9cd0-e87201c50278",
"dd628bc3-d909-4fff-a1da-84855c7f6de6",
"2627f664-fcab-4909-9ac5-7bb20fe695d7",
"ed274d9f-463e-4185-b735-97a8c774f2af",
"5b38f16d-4bf0-4245-b4aa-87006781d7e0",
"428708c4-f895-4f45-9708-f0bdfb62e3c4",
"4776f25f-3bb0-4c1d-82d1-c8c0a6746eec",
"4b748281-993d-49ea-b5a2-18d7c15fe7ae",
"71557559-f9bf-4dc3-909e-5142dbb8012f",
"8df7b227-575f-42e1-aca7-aa0c73ff3512",
"8df68c72-98f9-402f-95f0-e5c317097d08",
"4a39134d-daec-4f52-9137-6da745c5e086",
"aae691a6-ec47-461c-bce7-1054e2c558d8",
"ce8cdb6b-34ff-40c8-a0c2-8987e9a2601f",
"019a0502-654c-4c29-b4c6-27b1ed6939b6",
"41f2e5a4-7535-453d-b833-0ef1cd76b270",
"02162a09-96d5-4e19-a5d4-d6f6d1624015",
"69850eb7-1c64-4d9f-a7f4-def1daa30b77",
"d6b5d6ef-78a7-4028-8835-bb817ee69e01",
"f31a6f14-6414-4e00-8551-befd3032f716",
"2c280c0b-1482-4893-8662-bf58e875db41",
"d34e5941-3ad3-437b-afaf-abf5321beb74",
"67de5796-906a-4c37-9c2e-7fa2797657e8",
"c8567d86-8996-4e4d-9ac1-a053d5dc9db5",
"8f9051fa-4167-485b-bdab-da80ef31df9c",
"c9b33ba9-2f64-4472-829c-546329821015",
"b4337163-2d90-4c78-a32c-b0c1c26cb5eb",
"421748b3-ebf6-4753-b376-056c744d1a09",
"531d6ff6-b681-4a39-a284-40ceb4732f64",
"0aee80c7-a66d-4721-bde3-8ee5184b10f5",
"fbe596ee-38c5-4a3f-b2f7-138b239a594a",
"1c6a6416-ba2a-48b4-aa10-927abd4e075e",
"29ccdbf2-3a3b-4518-ac55-fb9fe893ccb8",
"54484b86-254d-4d73-a541-cf52e0c3bbb4",
"af8b46b6-90aa-4ca5-9749-7197a2b45994",
"05213348-880a-46e9-be00-381f169ed802",
"8b6c7e62-f3f4-4ca5-bb30-daace8a2e8ed",
"311998df-80a4-4ea5-b5bb-3ddc4d9d1a0e",
"dab3d574-a33d-44f7-8ac6-278f122c3ef7",
"dfdbee5b-03da-4991-8ed6-d7c493c037e8",
"767848a1-93d9-4cc2-a2f3-ee240c54f42c",
"f0401946-fa3e-4ae8-9d7f-f0013ba61734",
"f074e5f9-2be7-43af-b282-7fc5aa0ce457",
"977789b1-a355-416b-b48d-7e0c03b8e816",
"32c4f525-6a12-47ab-9da6-c8b0a85016f8",
"abbbd473-1f32-4c9c-a20e-943f8bc2dfec",
"a8bafc2f-0377-486d-bc54-c6d2492dac8d",
"aca7c5b1-b163-47e0-94f3-11e799bc0e8b",
"073b605f-0533-414e-9b6b-31731134a5e4",
"4e91d898-2d63-4036-a912-f978c1abac99",
"7f79c14d-ae47-4681-b058-da30bd3e48dd",
"d1a8ae8d-7961-4e9e-ab7a-ad3bdd1251aa",
"d663035a-2e43-4eaf-ace1-510aec2ebc5b",
"c168c04b-1800-4644-b226-bd7e20460599",
"7b2316a5-f690-4c1b-9c46-448e25a5cf24",
"a7f7b573-138a-40ea-8d64-1875295cb270",
"fd06d5a2-7f2a-4659-a13f-70e810cc38c2",
"3dc0502b-5c7d-4091-ab27-6cc50437093f",
"5f92cbd6-4e1d-4b80-ab59-bb47f1e0b348",
"ddf426fb-3b8b-47e0-b190-066512547d21",
"bc26bbf2-ae0b-4bd7-a20e-411abc96cd24",
"d42a23eb-bc5c-4bca-b112-4a64e5679d94",
"25b6427e-e0a4-4593-b9ec-0a5292e7a970",
"67e1e3ea-829d-4063-ba6c-a2375fa1980e",
"d1791ebc-de0c-4e11-b8f9-a08d6b928ca4",
"2bd682e7-bc0e-4ed1-9129-a8dd6dad708d",
"3683f701-1327-4e07-9a88-2e2d6cb21269",
"eeac3358-c785-47c9-8d42-5afd7f714747",
"059e631d-cb7f-47ce-9954-a0315bdd56c1",
"0f0ceabb-d9ee-49c7-8e27-93c6f8e4295b",
"79ba2b78-6c55-4d57-88a3-f9aeda433bcc",
"3f47e07e-dbea-466c-9a5f-1a3f8955d6af",
"8b7671d0-d07e-4f59-9400-b489dbaf003c",
"4c3070d1-d5de-4dae-8d67-78e7c1185d72",
"a8a505c4-8df9-4a7a-8a6d-4f096463db36",
"78a40f66-2f7c-4334-a71b-072b2a197012",
"3e28f9c2-5c05-4c50-888f-e6b339acc52a",
"8d20ecb4-567c-4f0a-91dd-e44c08ee8120",
"a050802c-ff71-4ef6-aa78-87ec6fd9205a",
"78f6a961-bb61-4969-842d-a084167e7544",
"64b69d73-9f12-45e0-9d1f-a4fffbf54fe4",
"58b592cc-7590-4673-93b8-67393e3e31ce",
"dcf80ba1-c97a-4383-b628-0c660ace3037",
"8a327727-91e9-45ad-9514-06690f237e4d",
"41b3d968-2efa-4f63-8d23-5e637f725e6c",
"7f1c0e1c-8c20-4ffe-8570-ec819fe222f9",
"fed95deb-48c6-4653-ba97-89d51faceab4",
"4dd2231c-7e9f-48e3-9454-5d003bf6de86",
"2d3b14e0-38bd-446f-80c1-09e3e23240a2",
"018a0965-6f2a-4606-bfb8-221e4aab04f1",
"5ad5354e-0ebd-4efb-89e0-9b8dff2d7165",
"1965287b-2ac8-45fa-b1ce-d91abee3cb47",
"f82be00e-8dc8-4205-96b9-1c19d7f08507",
"0f10183f-0936-4f25-b0f6-9bf8998723a3",
"59f174a5-b21d-431a-8bad-8e7d1c0a8de2",
"85e75962-7be9-41dc-b13a-8abd59951b2f",
"395db16a-f64e-4f70-8e69-64ef54314667",
"3cd6f507-c6f0-4c21-81c9-4778281423bf",
"6543214a-a7ce-4396-b8d3-67a24ddfee47",
"7e74f8ad-ffda-4bec-9221-5f6de9ba9c49",
"8a80d1d9-43a6-45ad-b0c2-3039b80aafbe",
"57b5210e-bcde-4cdc-a3ee-1099a4796324",
"dc7c38f8-4387-4129-bb40-11b911cc4df8",
"d0dbe3a6-26ff-4a14-8816-5641a53339bc",
"03890abf-d8e3-43ee-98b3-00533c6c5c8c",
"a3cdf7b0-c2f2-4e2f-9798-6cd741eabd53",
"2f168fcd-5e62-44d9-a6cb-869bfca07125",
"9bda1c48-7b46-4ced-aa6f-4f18b3c29ac3",
"70b5c208-4044-4ef1-ad6e-4b77bb17e228",
"572b1bb6-a42a-4101-b670-d5186d785b60",
"df325130-7d9f-43ba-afdc-f5e427fd6e13",
"c1539a70-1e04-4a15-a137-eae68bafc938",
"4f8e5e45-4abe-4855-97dc-f848ea942ae4",
"7e9d2993-8f34-4e24-9c70-f40898708a01",
"f2ba947e-7dd2-406b-a322-66c0094d4e64",
"19b3f093-f761-42a7-9caa-0324e4240a8e",
"bf55f5a5-c4ee-439f-b36a-9f642775a3e4",
"2f7ca0da-8065-4533-85be-0cf97eb4e553",
"a38800d9-9c12-420c-a915-4a7916f7842e",
"da0059b8-6d92-4250-abe9-7b508c20cae5",
"8bc1aa56-ad08-4bc1-946b-0ca188338abc",
"9704eb29-cc3f-4e00-93a2-28e3ea4a4f92",
"54eb3983-c699-4b41-9a62-cd6059527eb0",
"c8a8e975-4dc0-4ddf-9c62-0cfd10e5e188",
"01671378-70cf-4bbf-aee6-343c6233d9dc",
"9bafcdc1-6649-4454-96b0-0ba459647b41",
"6993db21-f21e-466c-9a99-50ed3a412597",
"2c1bff38-9756-4bd2-8fc5-7f788b903be4",
"682e700b-61af-4381-b5f8-17300004f48c",
"1a9cc5f1-471b-49d2-97c9-64aac6786bda",
"640cc664-0570-4a4b-9837-5ddc9632d5f4",
"f154603d-7ed1-4825-893e-c586a397148f",
"7feec463-5dcc-4cfc-8bc4-06c568ac6e6f",
"d9c77053-48e4-403e-ba77-ff5c6561d540",
"737695c1-8b67-472e-a46b-d5bad40155b1",
"9ef04f55-d929-425a-83ae-1a25b7a8e36f",
"92f521d9-1a42-4596-a392-18699b1717f3",
"52b33630-6990-443f-942b-055abfcfe51d",
"61d5b494-1485-40a4-a69c-6557819a7a36",
"790292a5-7c20-4636-946c-fa651867108b",
"8ca96385-becf-47f2-a95f-d0be2c9bf646",
"1ac40101-a79e-4792-9690-cc0b2fc15bd1",
"e23387d6-c6f1-4365-aa06-cff0ba856be5",
"d15ec106-d353-4e7c-9e9f-726ec10f1ada",
"a8923d32-6d38-4689-bb79-45c3a605a7c8",
"1dd9ad39-6129-423f-a73f-ec4432c59464",
"28a68e2b-49c6-4a51-951e-1f9360c6f125",
"6ac52000-135d-4eee-8ba7-98a942d85240",
"155bd5e2-00a4-4fd9-88b3-8fc9bc32daea",
"06acff4e-d04b-4608-95ea-96779bf82cff",
"b87b0b78-d63d-4899-b347-3eab2b07b590",
"96a075fe-0b3b-43b4-8547-6cba79126bcd",
"b7b79864-7127-4f49-b2e3-8a2a1a0b1fe2",
"7480af11-5a90-4e3b-a2c3-9df87615cb0a",
"134022f8-dd5a-4fa1-8a76-29c8c55deec9",
"330ddd9d-f323-4cab-b82e-90ccb9bf1706",
"3598e4d5-a5b4-4fc5-b1ec-48400ca20f51",
"19096193-b377-4e4c-a9f1-d3da5d888d7e",
"e714de72-78da-4ca9-ab3b-c32163d34baf",
"baccf384-7baa-4e77-a2ef-9b147371ab6d",
"0bfa29d9-87ca-4cfc-9b54-da6b28242db9",
"53363d61-132c-4d56-a0da-a4440e3bbe67",
"9c8aebee-6134-4f01-8991-5ce482f79026",
"5cb2fc05-6416-423f-87e8-b6149173c524",
"e45f3954-793a-4e53-b3d4-238c48aac539",
"62151e9d-9c87-4c31-98b9-6ee5bab874fa",
"f6f16d2e-7e55-4563-8619-7ec1123a1521",
"418fa974-bbe4-4f64-9a93-ac34fec2c785",
"7ab9ac47-e54e-49b7-9999-a6e1e1e5ec4d",
"95717f07-7ca5-41ee-ab2f-5bc0bec499b1",
"6b5aaa64-7ab0-4c09-8799-671675b930ec",
"7252b50e-5e55-43f7-9136-b6e65873dda7",
"f8596cb7-c375-48e0-a5c4-e2245c2448d9",
"2b112433-ff65-41d4-bb9c-b070f22f3beb",
"4ba73b78-4f53-41f0-90b1-9b41700864da",
"19a3d33e-1f3b-4b23-b489-ce5850758da2",
"12dff969-7dbc-4295-8c73-fbdd5658745f",
"7b306b89-68ca-4bc4-acbc-dc49e1946954",
"1bf4dd54-993b-41d1-b873-04ab043ff9af",
"610e028d-3c3d-42c4-bb50-a2ca71405b3e",
"9f6a62c3-bbb4-4c5b-a6bc-eefc6e62262d",
"d23a3b57-cb08-4f6d-a6a4-910d5d5cb09b",
"d87b2772-cc08-41d1-aa70-43b5b2a35008",
"66796a16-5c5d-4869-9641-218777fb346b",
"5b6367eb-73ff-4046-9199-afdaa163786e",
"31c23091-d851-4f3a-88ba-4d1017ea3be5",
"bbfd0fe2-613a-4132-ac1d-4bc255c630bd",
"ee10cccc-7a5e-4fee-a6d2-0a3f80db1e10",
"fa767b1b-11a7-463b-b58f-5c67761fcc94",
"0437382e-e744-4beb-8a7d-09bc589f37b8",
"399805d4-3f8b-4878-a88e-ca423613dddc",
"34c51833-429d-4ed4-b36e-1e68eb66de17",
"db8ad6fb-1f60-4fb1-a101-6f920c39a0dd",
"b53a1073-6b1a-4edd-83d6-48ec8ce265a6",
"0f8b86d0-49b6-4693-8865-c87983396b14",
"81930a79-dedb-414c-a067-a08f2598e0f8",
"223ece8d-fb0b-453b-9bd4-8ede992581bb",
"f1aa5cb9-a243-4641-a356-eddf67f52053",
"56d975ef-988c-4c3c-89d4-b5fce349520f",
"aa7e011c-fcd9-4d8f-a59f-4b25ae5cadcd",
"0a9be8b9-2397-4c1c-983e-e27dac41a3b3",
"034bf0c7-66b5-4694-8477-b13fd57e0dc1",
"3fb8a7ca-fc0f-45f8-87df-1deb8810ddbd",
"fc68621b-3574-44ce-b0b1-ccc563d90166",
"187624cc-84f7-4546-84bc-dbd6bbfd2d4a",
"a277b3f1-eab3-4ab3-a64e-34f5da53aff0",
"927e955d-b75e-4c25-acbc-622fd4918ea0",
"00974a4a-c719-4506-b419-a6eeaef480fe",
"5e2f99be-9f3b-4f03-9f9e-a4ee3512f082",
"c4b52af9-828a-4311-95d9-244d4b79a17b",
"1c4e6f51-a56c-46ce-9582-8a502bf66b5c",
"066088d8-ea82-4351-a263-9c609ddf3a1a",
"fe069ff5-67b4-4274-975a-3aea50edee50",
"b716a0f6-67f8-40c4-a215-154c4798b615",
"f91c4003-38da-4467-b53a-3b8b87ef5dfe",
"5e9525b3-8725-42bb-b2e3-1b9fd566a6b5",
"f6ce05c6-db0c-4e84-9d36-985ff37c9a46",
"d2527558-cf00-42fc-8ff4-5677258b030b",
"0b751976-38da-4965-9585-62eca3df6798",
"341b2a40-69aa-4592-9231-b96035deda2c",
"2ae1d033-f757-4658-beb2-d0f6360abf95",
"c50d24c1-856d-4751-9f9a-857282bb2185",
"8844d5ac-987b-48dc-aaa4-3f56649b6b6e",
"9b411fc8-1e81-42fa-849b-7d71d1c09567",
"870ec391-8a7f-411a-b307-21625353f99c",
"fc84dbc3-7293-4a97-9348-c3f8317090cd",
"a4cf2e52-23d6-4444-8979-5629dc8d9990",
"118336fb-0596-49af-b005-280d60467f22",
"81a87c31-3fd2-4cef-b2a7-b34159fb7289",
"52b9d9ae-56fc-43bc-b3a1-bfb4f255da5e",
"6e8dd950-505e-415a-bc7f-b200d9898e43",
"e067de65-bedd-4099-b777-2a511b611971",
"b5adfde8-0190-4382-abb0-f375a9184fb8",
"4d28a8ad-e225-454a-bff7-23df967d906f",
"d4a1b9a8-d2ab-4975-aa70-b6f0f7bf5ea2",
"7da62af9-d8c7-43e3-901b-61bb4aa7602b",
"4c9fcfc5-e35c-46fd-8aef-591990b106fe",
"52bfcab1-1930-4e5a-a723-1b0c8d58e9d0",
"893cd814-44b1-431c-be65-90a8ac0653bc",
"b7f5658b-e0cd-4d4c-85cb-f83bbd54dc8e",
"b51bba39-48ed-4f91-b969-11188bcb7b9d",
"4960af62-c288-498b-a025-35be53b6c007",
"33f8a59d-e512-4e40-a417-96c2d9e99773",
"0ddba117-a3ad-4963-8a34-81f088079635",
"f58a31ae-3170-4ac7-8602-3dd35be98180",
"664d206d-33ef-4f2d-aff0-914aa028257c",
"eddcf3d2-2ed1-4008-a855-7164c02fb92d",
"ef5bec73-6359-4894-ba9d-623897077692",
"7584e091-a133-42eb-87e2-b3853eccfcb2",
"ff80f441-d25d-4b86-ab8d-a730882b6048",
"1db8c2ba-79d0-402c-8c30-d88077585bf2",
"547a2a88-5331-4d8c-9b7d-ed5536129db6",
"cb65d48b-00bf-406d-9420-24aee6d16807",
"b52fb649-4528-4085-896a-435d998270a6",
"5fc465a0-85af-406e-b80b-c471dfa97e82",
"3ab4059b-c52e-47f1-8a5d-bc1e7baef15b",
"571141e9-4a18-4f5e-b610-b0a61c83131f",
"023d22dd-985e-4cf8-ab02-dffabca34dcf",
"eaccae35-5bfc-4f11-b5da-1dfcf97fae25",
"884d2b05-0360-4893-a0e0-45b48f6d8834",
"35ce3d8c-d021-4fb3-8fa3-9066e4bd3f03",
"e477e9c2-45a1-489b-9da6-55b2157a94e3",
"a22df54c-7a39-4b1a-81c4-beea334aa436",
"588bc758-6c2c-44d4-b543-959cf66bbd05",
"9696afc1-fc91-4299-88e9-7dde881f3967",
"39dff980-3995-41ab-86c6-9f8a127fa614",
"ccd6a002-d34b-413f-ae84-b1a712746377",
"a6f48c75-513c-4191-b275-867fc35f388f",
"da4a8298-de95-47c1-8ed8-058c04dc5b69",
"b82905fb-ae37-4950-bc3d-ac982717420d",
"1b06a52d-be53-4542-a35c-f8feb7cd2454",
"11fa87eb-38e2-4ff2-beca-64ee3895487a",
"9a9220ed-b354-4229-bcaf-a1637ecca799",
"0b097097-4b95-4e59-9f34-fef132e886d8",
"c81f43c2-af73-412d-a3ae-fe469b4b908f",
"33a5ab70-72be-4fed-a60a-46f51c7a83c1",
"2a25b7fa-73cd-4520-86cf-ec9ba8bd9dd3",
"45fb64f3-df8c-47a8-bd06-d78fab5fac76",
"9d6dcdd4-1eae-4e86-9c5e-c7509fe7d82a",
"32225a52-ced1-4917-be0b-fae9e3c84e70",
"e8dbc59a-854d-415a-bcf0-529848236abe",
"764fca27-dc63-46f2-9d3f-bbc77744738f",
"6bb1ba9b-d121-4bde-ac91-f90aba8164de",
"718659ee-d526-45fc-8f69-fc8f8d5cb05a",
"930dc02c-d2e5-4266-94c7-9bf3e9f7e6a1",
"80fc299d-12a0-4424-aaf5-37d7c5995d82",
"ef516051-8b1c-4cf1-89c4-c45953332035",
"d3afa988-4a03-4ffc-a8a0-37d246343a61",
"3e9fe2c3-99d0-4176-be37-248188ae47f3",
"f0c00def-04e3-4b4b-85f6-a0f0eb2e8d8b",
"2de20335-9fda-4417-8238-213abef95a08",
"9cf8c3b4-6aee-4d1f-96ea-1b104274eaa0",
"527b943b-82a5-4e8d-8ee2-45446b41354d",
"d011c817-8fee-4690-b1d0-b876abfa8a65",
"479f1a5e-37b1-439b-8831-6f17d25701b2",
"c3be8964-65ee-4726-a8b7-6c2d3d92a92a",
"cd0005ae-e940-447f-adf6-3fc3de655e63",
"66fe8452-8385-4371-9d06-2cb5a815fc9b",
"a1a2c3fe-801d-4cc5-a2e5-79cb14429a70",
"9c2ce890-eb0f-4eff-bdc6-aaedb806c12f",
"5b7bf2e8-f17b-40f2-a1e2-3cd081a0b2c9",
"7bcf9e51-66dd-4d67-9df4-a764b6d694fa",
"1b201587-2d01-49c4-80f3-b68672164652",
"bee37cfb-edd7-4a2d-aa29-bcd883b35e30",
"4c26e0a4-1e37-435d-b330-4c9f34ed1d63",
"f033f7ba-2ab6-4b8d-93e8-176072774793",
"d5cebadf-982d-4e7b-80fc-3e0338320587",
"64a5dd3a-ad90-4adf-98ab-34d06c5422b3",
"2aceca83-a261-4320-b989-80455853e86b",
"10ac7b2f-8e1d-45e7-b577-a9f4cec28424",
"184a36e1-79c0-411a-af28-f5694dcf4c2f",
"9cbf788d-862e-4175-9f78-2b99bab63b9c",
"ca33ee5b-2d2b-4c16-8ed8-6b6b91ba5d04",
"fa0d7546-44be-43b4-9ed3-384b14b4f1e5",
"68974c4c-f97e-4493-bb10-94de0a62d8e7",
"9b6de4b9-b533-438f-b730-d221eb34ca6d",
"4284b766-cdfb-4b2d-b868-99606e09a095",
"fc3f3c2e-ae84-4553-8030-1fb8c99c29f1",
"eab43cc6-c205-4a9e-9df7-52a8b8fb564a",
"67cbec67-3201-4462-9160-0ad3d99602d6",
"d5bbd75f-0ad6-47dc-9b6a-8a612c4dc432",
"06170ffb-925b-4225-853e-494083093cb0",
"4edaff3e-cb63-4c25-a537-d588da51c445",
"65da0c78-e0fd-4fc6-a269-908899cfe519",
"e61a3954-057e-4611-b2ee-dd7beadeeeea",
"1cdcbfb9-ab88-48b1-b1d2-6878cbab0c02",
"19f78b80-a419-46f4-9eb7-b89e8a671526",
"ef25e1bc-936a-414b-859d-c05edecb27b4",
"49c21e9c-2a09-4ef1-bd6e-e7948b6b9568",
"501294ae-b910-4c98-abca-c87c2ec5476e",
"f7a0a64a-4f41-4859-a6f6-f02aad26fdf1",
"8cdb808e-afa0-43ff-a1e2-605174a8cbdf",
"84f972c4-02bc-4ff5-8dfa-bfcef6373f30",
"212cef5b-cb1d-4139-ab99-172672e2cca1",
"9277b6f5-ff19-4b2e-9fa4-f89a5f58ad86",
"96600729-10cd-4887-893b-d77f10e59580",
"295743ce-f471-43c2-920e-cdf016c88f8a",
"b3f93667-8cc7-47da-ba47-e53cd2768d2c",
"76bf9a77-5f1a-4695-b64c-6045f910d96f",
"0e98ab55-5258-429c-85cb-7fccac600f4b",
"6243cd8b-ea2e-4704-b7df-78a142ae5c49",
"9e3189c8-38c8-496e-af2f-b9ae11388492",
"2a0ce380-7d15-4c66-a1f7-607c46fc9da7",
"ddd3f957-fc7e-4399-9367-48022d25b4cd",
"69bdc3e4-5e19-4424-a704-a38d0e22562e",
"ddff4b20-4350-42e3-bfad-b39e351a2cf3",
"0af8f43c-3349-4528-a31f-6887ecc600e3",
"b8d541cb-e2e5-4c4a-a213-927bd2af00eb",
"a9d36142-410e-4512-bb6e-4e60c3cdcb67",
"b71d4075-2dd6-4517-a29a-da86ffd3e432",
"96b13385-6b06-4caa-af16-83f639360b28",
"63183c52-6667-46ce-bcdb-2e45881f4337",
"e7edc4e1-dafe-42cc-9432-83f84be2ee4a",
"88bf9091-b3f7-4dc1-95f4-a1ad02145b66",
"bfe5e98a-1281-487a-93ae-1f2548e8507f",
"16d78cae-675c-4ac2-8125-ccd7f2779aa0",
"68552213-fe3b-4ae2-936a-f5cfd202deae",
"806dfbcf-f347-44b3-a6de-729d2b7a9d02",
"223f7415-e1b9-4724-b582-93fb073ffe19",
"a2c699b2-792b-479d-b817-08988ccea0a9",
"8cf6188a-5cab-4e39-b265-296619b71301",
"c9540593-8e44-4923-845d-30d716f874bd",
"365b9e9f-5aa7-4216-9604-02e944158438",
"9dab3a3d-7fd1-4014-9d2b-2a46ab5199ce",
"bb6fa940-d20e-44c8-ac87-4b78279793cb",
"aeef2629-ac78-432c-affa-6e27694205e3",
"9df0fd2b-93c1-4534-8288-8254a84d2b70",
"575f2626-c8e7-4b29-991f-e72dfb764f87",
"812885b7-102c-4c54-9152-4cdfda9cc5dc",
"709ec7aa-7da5-469a-83c3-6f1b3c77a368",
"d7baca1d-b737-4b9d-817a-5b928a45aaed",
"f1e00b8c-f8bb-434e-9229-014c6c90655b",
"cbd6517e-4baf-4188-837f-549be86b6c58",
"c791d244-1d45-4a71-bbc6-5afaabee6cec",
"c004a95d-3b92-4963-a7cf-9b17dfbe8b26",
"4c7ade31-c9a1-4bb6-b54f-b828b129471e",
"814ff3da-864d-4631-9aad-5f435529a341",
"e3746059-3e1f-4522-8a86-339dae96fc4f",
"410823b2-399f-4798-9d6c-18159069df51",
"0ab5f888-8bc6-421e-8b7e-ee6291eaf4c8",
"45058e4c-012f-4372-9245-59bdd3b2d76b",
"65dbdd0e-8920-4f65-8301-e3c758042c72",
"eeb22d7a-e930-497e-855a-04410e0a814e",
"14775413-05c8-432e-a3f3-ca05569f7b5d",
"05014cca-4696-46bd-93c4-3c86c485d567",
"5a1324a0-19a4-450d-a3d2-0ea320adb4bb",
"a98b74fe-9797-47d9-9688-3731656b730b",
"6b975ede-4b9a-4a15-a627-ebe81e37276d",
"c002df0a-1eb0-4005-a4fc-aa78ac025f13",
"c4c1b7af-8c48-4b82-8f49-dc67be40d857",
"e3cc7631-2035-4fb1-8fc1-a7d7515c3aac",
"98493aee-207c-4a3e-a4a4-85588dc97463",
"b7020f3e-7960-4723-b441-0ec3eb73c75c",
"d426e523-9786-415f-9a97-08ad938c40df",
"3b2b5e1e-100e-442e-a175-88a0be2f89a3",
"099d9cad-beb5-41b2-b1d5-c8060a04a29f",
"efe7b583-3713-4542-b400-89316fc708ad",
"c2454ef0-fe4c-446e-aede-ddb204a68d26",
"ee8eb72b-486f-4772-9148-1c438b97c013",
"4659744f-e9bf-4540-9233-df01342cc959",
"f2031d03-3cd4-4c2e-a976-19a93dbad1b0",
"8cf5d820-a010-42ea-95b1-3f442626f484",
"bcde31a7-5629-464a-bd8a-04e37ddf99d7",
"cc92d721-6018-4c1a-a184-2babe494e6d3",
"a0f057b4-ede3-4aa8-9db5-05302e063b87",
"51ee3dd4-6355-436f-8b59-4ef04a69ea08",
"3a376056-4d94-49be-bfc3-bca7849191a1",
"5cd33293-898a-4d78-aa6e-f698804ed730",
"57fd1565-63d9-4c12-82ae-094a3c23fbd0",
"a732ab08-b6bd-404d-bb75-a60053838c0b",
"3abac06c-b6bb-41e8-9def-76209f5d7439",
"d28adc51-1bea-4663-8b74-635f499c3565",
"c13a47e8-7631-4b5e-98c4-27cdd1805e2c",
"45596974-0464-41f5-b08d-2d57544b753d",
"283bd558-cf5e-48d1-9df3-f217795bf6ed",
"adc49b30-0f0e-4205-ac9d-b9324c39fc0a",
"24e89bf9-aa66-4070-847e-b356d08473cd",
"3b22e201-f448-4536-a03f-585d65d64962",
"47bc5447-39ca-4bd7-bbd7-3cb59d487030",
"944559ae-9675-4104-a023-5ebf53125cf1",
"3567b866-7bdd-4723-a2bd-6d2eb90955e4",
"108dbc7f-d27a-43a6-8f87-742e2e350fa7",
"3ce8001a-a169-4626-8fce-5d563a086d9c",
"30654d00-ef16-4026-9ec4-77f7bdeb80b9",
"1d42fcd6-4065-4a7c-a048-86ae58dfb02b",
"42fd0588-c557-4c85-bbc1-c3ec3a4f3bf7",
"1352a794-762f-4c5c-aef6-dd9e61d66a71",
"f79ca9f5-c76a-4055-a984-74ab9f73483d",
"6fa7752a-4b69-4e9f-9be8-d9fe972158ce",
"5350f725-23a3-420f-81cc-4c420e9ffe60",
"74c8113c-e4e6-4bf9-8a29-04df81af6b19",
"acd7495d-a225-473f-b957-befd9b7fd1b4",
"2ac422d4-0d20-420b-952b-b68fef892f73",
"5c5e6ede-a158-4eda-8e75-39a023607309",
"0360cc08-5452-49ec-9b43-ca062fb7f427",
"2c384de9-1b75-4463-9b2e-7ea8433adf26",
"5c0e9e40-b665-4d8b-9124-0aab74459805",
"4ae73d9d-a56d-4297-a7d7-bc4c0ed01e9f",
"b1e9b8c0-2cb6-4114-9430-a413de67f0cc",
"f3cfc87e-6349-4186-afc9-ade99a5b8412",
"52643cb9-1134-49f1-9977-9ef6cef767bd",
"d96e4b9a-d3ed-446e-9054-a49a17e58702",
"c5c34844-bf02-42f5-9b14-bb9711b65c2a",
"6cb9d6b6-e78b-4f2b-9b2a-16158d5018d3",
"8a30857d-99ef-4bed-8fa5-97d635fc8aaf",
"c3a3a439-8b4b-4b64-a156-935f8e37378c",
"d1b7dbaf-7a72-4d7a-ae01-4d8517d9f792",
"03cbe9cb-71e7-44f7-bee0-3766239a7156",
"02220347-f6cf-4ca3-876d-91ad0541ab46",
"d06c7748-2be5-4615-901a-035e84a5c5b3",
"789dcaa3-ff38-4c93-a433-0f5c0fb4d2a9",
"1a587df6-1ca5-4424-a4de-ee11b9aef287",
"cce471a7-7587-46f5-aa67-000dfea7b8f6",
"6cb94239-39bd-4603-8e1e-8a9b61956e55",
"283379f3-b5d6-413a-9d18-175424b129cb",
"42077282-f83f-40a3-8efc-2a127fb5cd1e",
"6995f7ef-297e-42ba-94b5-8991dfe1c83a",
"63097f9b-d5b8-45c7-8f5a-14bf93ddf2f7",
"e610b521-2d05-4458-b8cb-011cf8751ac7",
"0c2e7e52-c046-451d-807b-9226f3b41afb",
"99f0b780-9081-4d25-a9b1-e9389ec9350c",
"555e13ed-403d-47d3-8298-d38aea990426",
"a8d1e9af-0f3c-4011-a0c0-9b71e902636a",
"f0fb3383-4aab-4677-a01c-b59503531b63",
"66f25e5e-b77f-4e7f-9f65-f086958296fd",
"b150f4b9-9cc8-4322-85ae-b1ca31861fbc",
"035b32f6-beeb-4701-9a9d-56567f2b2a3b",
"f0f7531b-ff51-468e-86a9-36dae7df3a0e",
"5a8814d0-c9d5-4bf0-8454-9b25991db408",
"22dfea67-ae03-4168-aa9d-bebebfd224df",
"ca66e7de-62a7-4072-82aa-bbb93ca9c8a8",
"96705e53-61f1-407d-a09b-198fc59ded48",
"d627dfa1-d4f5-4f8b-ae45-87b9b04662e8",
"2d04a942-5ca1-4826-9579-6b4325f174eb",
"68dfab96-0813-44af-b1de-418030e847c7",
"655c1166-2677-4205-9d8c-903507bf52f8",
"6e58c0ce-6208-48db-a576-395f828e891b",
"618c7ab7-b0e6-48e7-9fba-422755c4f342",
"e9ccfbef-4d99-4769-bb4a-8bfc13ba0761",
"e44073dc-f3bb-4f62-9bb8-feae61b63d83",
"d0ab4b9a-8f7d-46c8-89e8-b1b78384937d",
"d0e86aee-9ac4-4108-841d-a8cc8833c465",
"51d6cf3a-0895-4b19-8072-e5b036e2f093",
"4086c39c-0bc0-457e-bc60-3014c0b2b60f",
"a1eb9d35-1b13-4dd8-896e-1a42e39e8edd",
"fc929006-24ee-4a33-841d-41971e19a699",
"d66fe5d7-56dd-47a1-989b-b67631f1f889",
"66e146a1-e186-4d22-8304-129981431677",
"c48d337b-9ecc-4d6e-83ec-a92bac2b28a9",
"277b6457-86b4-4829-90ad-876986d21500",
"06ce5e26-656c-4717-afed-731e4e3cb765",
"6708289a-c705-4bb6-99bc-3c180a185c6f",
"f0e527c6-3329-45ef-a0a4-b47b213151d9",
"f91bb93b-b242-4756-8eb4-c4dbe91c171f",
"3befeb5b-1165-4947-a314-8b86ca6f1521",
"2a435ec0-1912-4d4c-90ce-2c5473678299",
"1cddb67b-3fcc-4ed3-904c-65812e3039cb",
